<?xml version="1.0" encoding="UTF-8"?>
<root>
  <item name="android.support.v4.media.browse.MediaBrowserCompat.MediaItem MediaItem(android.support.v4.media.MediaDescriptionCompat, int) 1">
    <annotation name="android.support.annotation.IntDef">
      <val name="value" val="{android.support.v4.media.browse.MediaBrowserCompat.MediaItem.FLAG_BROWSABLE, android.support.v4.media.browse.MediaBrowserCompat.MediaItem.FLAG_PLAYABLE}" />
      <val name="flag" val="true" />
    </annotation>
  </item>
  <item name="android.support.v4.media.browse.MediaBrowserCompat.MediaItem int getFlags()">
    <annotation name="android.support.annotation.IntDef">
      <val name="value" val="{android.support.v4.media.browse.MediaBrowserCompat.MediaItem.FLAG_BROWSABLE, android.support.v4.media.browse.MediaBrowserCompat.MediaItem.FLAG_PLAYABLE}" />
      <val name="flag" val="true" />
    </annotation>
  </item>
</root>

